CREATE DATABASE  IF NOT EXISTS `pettrackerdb` /*!40100 DEFAULT CHARACTER SET utf8mb4 COLLATE utf8mb4_0900_ai_ci */ /*!80016 DEFAULT ENCRYPTION='N' */;
USE `pettrackerdb`;
-- MySQL dump 10.13  Distrib 8.0.32, for Win64 (x86_64)
--
-- Host: localhost    Database: pettrackerdb
-- ------------------------------------------------------
-- Server version	8.0.32

/*!40101 SET @OLD_CHARACTER_SET_CLIENT=@@CHARACTER_SET_CLIENT */;
/*!40101 SET @OLD_CHARACTER_SET_RESULTS=@@CHARACTER_SET_RESULTS */;
/*!40101 SET @OLD_COLLATION_CONNECTION=@@COLLATION_CONNECTION */;
/*!50503 SET NAMES utf8 */;
/*!40103 SET @OLD_TIME_ZONE=@@TIME_ZONE */;
/*!40103 SET TIME_ZONE='+00:00' */;
/*!40014 SET @OLD_UNIQUE_CHECKS=@@UNIQUE_CHECKS, UNIQUE_CHECKS=0 */;
/*!40014 SET @OLD_FOREIGN_KEY_CHECKS=@@FOREIGN_KEY_CHECKS, FOREIGN_KEY_CHECKS=0 */;
/*!40101 SET @OLD_SQL_MODE=@@SQL_MODE, SQL_MODE='NO_AUTO_VALUE_ON_ZERO' */;
/*!40111 SET @OLD_SQL_NOTES=@@SQL_NOTES, SQL_NOTES=0 */;

--
-- Table structure for table `device`
--

DROP TABLE IF EXISTS `device`;
/*!40101 SET @saved_cs_client     = @@character_set_client */;
/*!50503 SET character_set_client = utf8mb4 */;
CREATE TABLE `device` (
  `id` bigint NOT NULL AUTO_INCREMENT,
  `fk_user_id` bigint NOT NULL,
  `name` varchar(255) NOT NULL,
  `password` varchar(255) NOT NULL,
  PRIMARY KEY (`id`),
  KEY `device_to_user_idx` (`fk_user_id`),
  CONSTRAINT `device_to_user` FOREIGN KEY (`fk_user_id`) REFERENCES `user` (`id`)
) ENGINE=InnoDB AUTO_INCREMENT=55 DEFAULT CHARSET=utf8mb4 COLLATE=utf8mb4_0900_ai_ci;
/*!40101 SET character_set_client = @saved_cs_client */;

--
-- Dumping data for table `device`
--

LOCK TABLES `device` WRITE;
/*!40000 ALTER TABLE `device` DISABLE KEYS */;
INSERT INTO `device` VALUES (5,1,'abcd','E3B0C44298FC1C149AFBF4C8996FB92427AE41E4649B934CA495991B7852B855'),(10,7,'0513edit','1F3CE40415A2081FA3EEE75FC39FFF8E56C22270D1A978A7249B592DCEBD20B4'),(11,4,'decuxe','EF797C8118F02DFB649607DD5D3F8C7623048C9C063D532CC95C5ED7A898A64F'),(28,7,'1683922982243','FB398CC690E15DDBA43EE811B6C0D3EC190901AD3DF377FEC9A1F9004B919A06'),(44,7,'1683990743737','FB398CC690E15DDBA43EE811B6C0D3EC190901AD3DF377FEC9A1F9004B919A06'),(45,7,'1683990937534','FB398CC690E15DDBA43EE811B6C0D3EC190901AD3DF377FEC9A1F9004B919A06'),(46,7,'1683991007395','FB398CC690E15DDBA43EE811B6C0D3EC190901AD3DF377FEC9A1F9004B919A06'),(47,7,'1683991046576','FB398CC690E15DDBA43EE811B6C0D3EC190901AD3DF377FEC9A1F9004B919A06'),(48,7,'1683991370092','FB398CC690E15DDBA43EE811B6C0D3EC190901AD3DF377FEC9A1F9004B919A06'),(49,7,'1683991414601','FB398CC690E15DDBA43EE811B6C0D3EC190901AD3DF377FEC9A1F9004B919A06'),(54,71,'test_device','ef797c8118f02dfb649607dd5d3f8c7623048c9c063d532cc95c5ed7a898a64f');
/*!40000 ALTER TABLE `device` ENABLE KEYS */;
UNLOCK TABLES;

--
-- Table structure for table `event`
--

DROP TABLE IF EXISTS `event`;
/*!40101 SET @saved_cs_client     = @@character_set_client */;
/*!50503 SET character_set_client = utf8mb4 */;
CREATE TABLE `event` (
  `id` bigint NOT NULL AUTO_INCREMENT,
  `fk_type` int NOT NULL DEFAULT '0',
  `timestamp` bigint NOT NULL,
  `fk_user_id` bigint NOT NULL,
  `fk_device_id` bigint NOT NULL,
  `fk_pet_id` bigint NOT NULL,
  `fk_zone_id` bigint NOT NULL,
  `fk_group_id` bigint DEFAULT NULL,
  PRIMARY KEY (`id`),
  UNIQUE KEY `id_UNIQUE` (`id`),
  KEY `event_to_type_idx` (`fk_type`),
  KEY `event_to_user_idx` (`fk_user_id`),
  KEY `event_to_device_idx` (`fk_device_id`),
  KEY `event_to_pet_idx` (`fk_pet_id`),
  KEY `event_to_group_idx` (`fk_group_id`),
  KEY `event_to_zone_idx` (`fk_zone_id`),
  CONSTRAINT `event_to_device` FOREIGN KEY (`fk_device_id`) REFERENCES `device` (`id`),
  CONSTRAINT `event_to_group` FOREIGN KEY (`fk_group_id`) REFERENCES `pet_group` (`id`),
  CONSTRAINT `event_to_pet` FOREIGN KEY (`fk_pet_id`) REFERENCES `pet` (`id`),
  CONSTRAINT `event_to_user` FOREIGN KEY (`fk_user_id`) REFERENCES `user` (`id`),
  CONSTRAINT `event_to_zone` FOREIGN KEY (`fk_zone_id`) REFERENCES `zone` (`id`)
) ENGINE=InnoDB AUTO_INCREMENT=25 DEFAULT CHARSET=utf8mb4 COLLATE=utf8mb4_0900_ai_ci;
/*!40101 SET character_set_client = @saved_cs_client */;

--
-- Dumping data for table `event`
--

LOCK TABLES `event` WRITE;
/*!40000 ALTER TABLE `event` DISABLE KEYS */;
INSERT INTO `event` VALUES (8,1,1684357537610,7,28,57,45,NULL),(12,1,1684596887192,71,54,96,73,NULL),(13,2,1684596960968,71,54,96,73,NULL),(14,1,1684596964652,71,54,96,73,NULL),(15,2,1684597805392,71,54,96,73,NULL),(16,1,1684598912458,71,54,96,73,NULL),(17,2,1684605367589,71,54,96,73,NULL),(18,1,1684605374429,71,54,96,73,NULL),(19,2,1684606959301,71,54,96,73,NULL),(20,1,1684606962491,71,54,96,73,NULL),(21,2,1684607009811,71,54,96,73,NULL),(22,1,1684607015665,71,54,96,73,NULL),(23,2,1684607049761,71,54,96,73,NULL),(24,1,1684607052278,71,54,96,73,NULL);
/*!40000 ALTER TABLE `event` ENABLE KEYS */;
UNLOCK TABLES;

--
-- Table structure for table `event_type`
--

DROP TABLE IF EXISTS `event_type`;
/*!40101 SET @saved_cs_client     = @@character_set_client */;
/*!50503 SET character_set_client = utf8mb4 */;
CREATE TABLE `event_type` (
  `id` bigint NOT NULL AUTO_INCREMENT,
  `type` varchar(45) NOT NULL,
  PRIMARY KEY (`id`),
  UNIQUE KEY `type_UNIQUE` (`type`),
  UNIQUE KEY `id_UNIQUE` (`id`)
) ENGINE=InnoDB AUTO_INCREMENT=3 DEFAULT CHARSET=utf8mb4 COLLATE=utf8mb4_0900_ai_ci;
/*!40101 SET character_set_client = @saved_cs_client */;

--
-- Dumping data for table `event_type`
--

LOCK TABLES `event_type` WRITE;
/*!40000 ALTER TABLE `event_type` DISABLE KEYS */;
INSERT INTO `event_type` VALUES (2,'ENTER'),(1,'LEAVE');
/*!40000 ALTER TABLE `event_type` ENABLE KEYS */;
UNLOCK TABLES;

--
-- Table structure for table `hibernate_sequence`
--

DROP TABLE IF EXISTS `hibernate_sequence`;
/*!40101 SET @saved_cs_client     = @@character_set_client */;
/*!50503 SET character_set_client = utf8mb4 */;
CREATE TABLE `hibernate_sequence` (
  `next_val` bigint DEFAULT NULL
) ENGINE=InnoDB DEFAULT CHARSET=utf8mb4 COLLATE=utf8mb4_0900_ai_ci;
/*!40101 SET character_set_client = @saved_cs_client */;

--
-- Dumping data for table `hibernate_sequence`
--

LOCK TABLES `hibernate_sequence` WRITE;
/*!40000 ALTER TABLE `hibernate_sequence` DISABLE KEYS */;
INSERT INTO `hibernate_sequence` VALUES (1408);
/*!40000 ALTER TABLE `hibernate_sequence` ENABLE KEYS */;
UNLOCK TABLES;

--
-- Table structure for table `location_entry`
--

DROP TABLE IF EXISTS `location_entry`;
/*!40101 SET @saved_cs_client     = @@character_set_client */;
/*!50503 SET character_set_client = utf8mb4 */;
CREATE TABLE `location_entry` (
  `id` bigint NOT NULL AUTO_INCREMENT,
  `created_at` bigint DEFAULT NULL,
  `fk_device_id` bigint DEFAULT NULL,
  `latitude` double NOT NULL,
  `longitude` double NOT NULL,
  `used_at` bigint DEFAULT NULL,
  PRIMARY KEY (`id`)
) ENGINE=InnoDB AUTO_INCREMENT=3018 DEFAULT CHARSET=utf8mb4 COLLATE=utf8mb4_0900_ai_ci;
/*!40101 SET character_set_client = @saved_cs_client */;

--
-- Dumping data for table `location_entry`
--

LOCK TABLES `location_entry` WRITE;
/*!40000 ALTER TABLE `location_entry` DISABLE KEYS */;
INSERT INTO `location_entry` VALUES (1,1683923636204,28,0,0,1683923636204),(2999,1683929448751,28,54.938480999999996,23.99878,1683929448751),(3000,1684357537581,28,54.923480999999995,23.98078,1684357537581),(3004,1684596887177,54,35,5,1684596887177),(3005,1684596960950,54,10,5,1684596960950),(3006,1684596964633,54,35,5,1684596964633),(3007,1684597805380,54,15,5,1684597805380),(3008,1684598912443,54,35,5,1684598912443),(3009,1684605367572,54,15,5,1684605367572),(3010,1684605374417,54,35,5,1684605374417),(3011,1684606959271,54,15,5,1684606959271),(3012,1684606962477,54,35,5,1684606962477),(3013,1684607009796,54,15,5,1684607009796),(3014,1684607015649,54,35,5,1684607015649),(3015,1684607049741,54,15,5,1684607049741),(3016,1684607052265,54,35,5,1684607052265),(3017,1685052951507,54,35,5,1685052951507);
/*!40000 ALTER TABLE `location_entry` ENABLE KEYS */;
UNLOCK TABLES;

--
-- Table structure for table `pet`
--

DROP TABLE IF EXISTS `pet`;
/*!40101 SET @saved_cs_client     = @@character_set_client */;
/*!50503 SET character_set_client = utf8mb4 */;
CREATE TABLE `pet` (
  `id` bigint NOT NULL AUTO_INCREMENT,
  `name` varchar(45) NOT NULL,
  `fk_device_id` bigint DEFAULT NULL,
  `photo` varchar(45) DEFAULT NULL,
  `fk_user_id` bigint NOT NULL,
  `fk_zone_id` bigint DEFAULT NULL,
  `notifications` tinyint NOT NULL DEFAULT '0',
  PRIMARY KEY (`id`),
  UNIQUE KEY `name_UNIQUE` (`name`),
  UNIQUE KEY `fk_device_id_UNIQUE` (`fk_device_id`),
  KEY `pet_to_user_idx` (`fk_user_id`),
  KEY `pet_to_zone_idx` (`fk_zone_id`),
  CONSTRAINT `pet_to_device` FOREIGN KEY (`fk_device_id`) REFERENCES `device` (`id`),
  CONSTRAINT `pet_to_user` FOREIGN KEY (`fk_user_id`) REFERENCES `user` (`id`),
  CONSTRAINT `pet_to_zone` FOREIGN KEY (`fk_zone_id`) REFERENCES `zone` (`id`)
) ENGINE=InnoDB AUTO_INCREMENT=98 DEFAULT CHARSET=utf8mb4 COLLATE=utf8mb4_0900_ai_ci;
/*!40101 SET character_set_client = @saved_cs_client */;

--
-- Dumping data for table `pet`
--

LOCK TABLES `pet` WRITE;
/*!40000 ALTER TABLE `pet` DISABLE KEYS */;
INSERT INTO `pet` VALUES (46,'tytgt',NULL,NULL,1,NULL,0),(47,'freddie',5,'1683480531810.txt',4,25,0),(48,'puppy',NULL,'1683480485107.txt',4,NULL,0),(57,'fredie',28,'1684356996637.txt',7,45,0),(58,'rexie',NULL,'1684357010894.txt',7,NULL,0),(95,'Fred',NULL,'1684169657507.txt',71,NULL,0),(96,'test_pet',54,NULL,71,73,1),(97,'aajf',NULL,'1684958258015.txt',71,NULL,0);
/*!40000 ALTER TABLE `pet` ENABLE KEYS */;
UNLOCK TABLES;

--
-- Table structure for table `pet_group`
--

DROP TABLE IF EXISTS `pet_group`;
/*!40101 SET @saved_cs_client     = @@character_set_client */;
/*!50503 SET character_set_client = utf8mb4 */;
CREATE TABLE `pet_group` (
  `id` bigint NOT NULL AUTO_INCREMENT,
  `name` varchar(45) NOT NULL,
  `fk_user_id` bigint NOT NULL,
  `fk_zone_id` bigint DEFAULT NULL,
  `notifications` tinyint NOT NULL DEFAULT '0',
  PRIMARY KEY (`id`),
  UNIQUE KEY `id_UNIQUE` (`id`),
  UNIQUE KEY `name_UNIQUE` (`name`),
  KEY `group_to_user_idx` (`fk_user_id`),
  KEY `group_to_zone_idx` (`fk_zone_id`),
  CONSTRAINT `group_to_zone` FOREIGN KEY (`fk_zone_id`) REFERENCES `zone` (`id`),
  CONSTRAINT `group_to_user` FOREIGN KEY (`fk_user_id`) REFERENCES `user` (`id`)
) ENGINE=InnoDB AUTO_INCREMENT=52 DEFAULT CHARSET=utf8mb4 COLLATE=utf8mb4_0900_ai_ci;
/*!40101 SET character_set_client = @saved_cs_client */;

--
-- Dumping data for table `pet_group`
--

LOCK TABLES `pet_group` WRITE;
/*!40000 ALTER TABLE `pet_group` DISABLE KEYS */;
INSERT INTO `pet_group` VALUES (18,'bxncfn',1,NULL,0),(19,'hshsd',1,NULL,0),(20,'yuyt',1,NULL,0),(27,'16839231965001',7,NULL,1),(39,'home',7,NULL,0),(40,'outside',7,NULL,0),(45,'1683990786258',7,NULL,1),(46,'1683991572398',7,NULL,1),(47,'1683991963327',7,NULL,1),(51,'fjfbgd',71,NULL,0);
/*!40000 ALTER TABLE `pet_group` ENABLE KEYS */;
UNLOCK TABLES;

--
-- Table structure for table `pet_to_group`
--

DROP TABLE IF EXISTS `pet_to_group`;
/*!40101 SET @saved_cs_client     = @@character_set_client */;
/*!50503 SET character_set_client = utf8mb4 */;
CREATE TABLE `pet_to_group` (
  `id` bigint NOT NULL AUTO_INCREMENT,
  `pet_id` bigint NOT NULL,
  `group_id` bigint NOT NULL,
  PRIMARY KEY (`id`),
  UNIQUE KEY `id_UNIQUE` (`id`),
  KEY `pet_to_group_1_idx` (`pet_id`),
  KEY `pet_to_group_2_idx` (`group_id`),
  CONSTRAINT `pet_to_group_1` FOREIGN KEY (`pet_id`) REFERENCES `pet` (`id`),
  CONSTRAINT `pet_to_group_2` FOREIGN KEY (`group_id`) REFERENCES `pet_group` (`id`)
) ENGINE=InnoDB AUTO_INCREMENT=159 DEFAULT CHARSET=utf8mb4 COLLATE=utf8mb4_0900_ai_ci;
/*!40101 SET character_set_client = @saved_cs_client */;

--
-- Dumping data for table `pet_to_group`
--

LOCK TABLES `pet_to_group` WRITE;
/*!40000 ALTER TABLE `pet_to_group` DISABLE KEYS */;
INSERT INTO `pet_to_group` VALUES (45,46,20),(72,58,27),(138,58,45),(140,58,46),(142,58,47),(156,95,51),(157,57,39),(158,57,40);
/*!40000 ALTER TABLE `pet_to_group` ENABLE KEYS */;
UNLOCK TABLES;

--
-- Table structure for table `refreshtoken`
--

DROP TABLE IF EXISTS `refreshtoken`;
/*!40101 SET @saved_cs_client     = @@character_set_client */;
/*!50503 SET character_set_client = utf8mb4 */;
CREATE TABLE `refreshtoken` (
  `id` bigint NOT NULL,
  `expiry_date` datetime(6) NOT NULL,
  `token` varchar(255) NOT NULL,
  `user_id` bigint DEFAULT NULL,
  PRIMARY KEY (`id`),
  UNIQUE KEY `UK_or156wbneyk8noo4jstv55ii3` (`token`),
  KEY `FKfr75ge3iecdx26qe8afh1srf6` (`user_id`),
  CONSTRAINT `FKfr75ge3iecdx26qe8afh1srf6` FOREIGN KEY (`user_id`) REFERENCES `user` (`id`)
) ENGINE=InnoDB DEFAULT CHARSET=utf8mb4 COLLATE=utf8mb4_0900_ai_ci;
/*!40101 SET character_set_client = @saved_cs_client */;

--
-- Dumping data for table `refreshtoken`
--

LOCK TABLES `refreshtoken` WRITE;
/*!40000 ALTER TABLE `refreshtoken` DISABLE KEYS */;
INSERT INTO `refreshtoken` VALUES (1021,'2023-05-12 01:09:30.759831','48b422e7-33a5-47fd-ada6-7da66a1e5178',7),(1022,'2023-05-12 01:09:50.302685','10353179-926f-4698-a383-31219f576a60',7),(1023,'2023-05-12 01:09:53.057040','22ebc048-2572-4062-a6c2-b86ea4da5fa2',7),(1024,'2023-05-12 01:10:12.081824','e9ddf0aa-6829-42cb-980c-410c66da495e',7),(1025,'2023-05-12 01:10:32.176782','2d94cb6d-5f17-41c5-8e4b-b8c67a65ecf3',16),(1026,'2023-05-12 01:10:37.188379','b7406a7b-9c5d-49c7-a6a6-45677f6577d3',7),(1027,'2023-05-13 21:54:15.632424','8318301d-def7-48aa-8181-c32e2021943a',7),(1028,'2023-05-13 21:56:09.937996','9b18b781-0e79-4993-a195-7264f350efa9',7),(1029,'2023-05-13 21:57:21.473884','5e92220a-743f-4001-b0c7-98388eba7451',7),(1030,'2023-05-13 22:00:22.768258','5ebb27f0-1942-45dd-aa14-00e8f5ad8da6',7),(1031,'2023-05-13 22:01:47.546343','c9729446-ed65-4214-b04c-c1b97ed2afb2',7),(1032,'2023-05-13 22:12:36.288055','b3f82333-9855-4122-ae6e-82f11d1e2bbe',7),(1033,'2023-05-13 22:14:17.123350','cbeb0d21-b06e-4095-a735-5d127b65bfb1',7),(1034,'2023-05-13 22:31:56.622194','ef69013a-0c85-4e32-b79f-672e722f69c6',7),(1035,'2023-05-13 22:33:43.553242','4f0ed024-43d9-4614-9389-76feb5dd5818',7),(1036,'2023-05-13 22:44:41.652972','23525fb7-ae0f-4c15-98c5-3cd46c284a8a',7),(1037,'2023-05-13 22:59:22.715184','ca03b326-feb9-4f50-b3dd-060926ed90db',7),(1038,'2023-05-13 23:00:06.716889','c66ebad3-a02f-4023-ba66-c9b29f6e8a4a',7),(1039,'2023-05-13 23:01:33.794798','b690c826-233c-4d2a-866d-7b4fef47d8c5',7),(1040,'2023-05-13 23:02:44.007194','8a8aaad2-f0be-4d3a-880c-e52d9dbd127b',7),(1041,'2023-05-13 23:03:35.599085','2c020da7-10b0-457b-a7bf-c35cc5572d94',7),(1042,'2023-05-13 23:16:51.807080','d0c64d77-bc0e-4e24-9222-59a6c0f26736',7),(1044,'2023-05-13 23:17:52.374669','6aa2214e-64ac-40b1-aead-7a37bd2445eb',7),(1045,'2023-05-13 23:18:11.607631','8b4d4679-e203-4ff7-af5e-39b4cf7e67fd',7),(1046,'2023-05-13 23:18:25.540645','2d2d6bcb-a6d4-4f6b-9a8f-9553c256e877',7),(1047,'2023-05-13 23:18:28.548465','0c4eb93a-a333-4b0d-8957-b84d25689e80',7),(1048,'2023-05-13 23:18:47.564108','edcd1ed3-8f0c-4f24-810f-c9b38563228f',7),(1049,'2023-05-13 23:19:12.539618','55839067-7ca3-478c-b371-fcc4b7d5dd18',7),(1051,'2023-05-13 23:23:05.417484','b8445fb8-c358-4cb6-bfd5-326866b97c54',7),(1052,'2023-05-13 23:23:28.805649','8ea4a477-2e92-49f3-9184-d525e93d817a',7),(1053,'2023-05-13 23:23:42.626418','37db3629-2924-45f0-a237-9fab344f2b46',7),(1054,'2023-05-13 23:23:45.645092','3c443fa6-85dd-4b8f-b64a-b9eab354aa34',7),(1055,'2023-05-13 23:23:49.746733','f20969b2-377c-48c4-a811-04bf65109e5d',7),(1057,'2023-05-13 23:24:19.155429','4b2ee93d-e22b-46e7-a284-4449fb7d2c02',7),(1059,'2023-05-13 23:26:03.074424','7c6e7e3c-be60-449e-8f59-55f7268f0a44',7),(1060,'2023-05-13 23:26:22.630935','9846fd65-8993-4c10-8dc3-17423fb93e8e',7),(1061,'2023-05-13 23:26:36.542939','99128b2e-cb50-4936-b737-37b88e4012f9',7),(1062,'2023-05-13 23:26:39.587172','251f3187-3a7f-405d-807b-a3484b1c7ca6',7),(1063,'2023-05-13 23:27:03.066332','49aa478e-b301-4028-af8a-bf37ad0fc7dc',7),(1065,'2023-05-13 23:27:33.032941','bea1853f-fc90-45cc-87ed-5e67e207ab02',7),(1066,'2023-05-13 23:29:19.921253','efb51f8d-d4d9-4c5c-bbe3-65ca92d88575',7),(1068,'2023-05-13 23:30:27.358509','eca27658-88c7-4817-aad4-f5c6c1e1d327',7),(1069,'2023-05-13 23:30:46.806931','11d664ca-fd65-47ef-838d-3661be53c39f',7),(1070,'2023-05-13 23:31:00.718924','7acc641f-5456-41bf-8557-8eb2138fd31e',7),(1071,'2023-05-13 23:31:03.624210','066d3887-496f-494d-ad3c-4cf715865986',7),(1072,'2023-05-13 23:31:23.012520','eff4e264-6dd6-4597-836b-da9645a8ac18',7),(1074,'2023-05-13 23:31:49.096061','98b1eb4e-e45b-4ba6-8c19-14c4c7299045',7),(1075,'2023-05-13 23:33:59.484103','549027a7-f690-4f17-b337-1bd9c803bd48',7),(1076,'2023-05-13 23:35:25.621741','27930280-2550-400e-af4e-6fa21e811e26',7),(1077,'2023-05-13 23:36:21.495496','ed038e3e-7050-4239-ba20-8f6528f72d3d',7),(1078,'2023-05-13 23:37:03.496521','a6826c6e-d4a9-4e10-9b49-3fd43c045a53',7),(1080,'2023-05-13 23:38:34.407465','75f8ee31-25ce-437a-9eb7-036d2d048071',7),(1081,'2023-05-13 23:38:54.079963','8ee9091b-8b86-428e-bfd2-52c727431a84',7),(1082,'2023-05-13 23:39:07.956620','b2b582e6-8a9e-4a62-8795-a2c6d9b4f73d',7),(1083,'2023-05-13 23:39:10.974917','c45cbe38-ea85-4d20-95e4-1b581c9d6012',7),(1084,'2023-05-13 23:39:30.412554','e53762b0-a3dd-4c5b-a1c7-d15d2ba6b27b',7),(1086,'2023-05-13 23:39:56.689389','107a5b65-ffa0-4822-9446-3f8b7021d6a7',7),(1087,'2023-05-13 23:42:22.584832','224fc7f9-f9ad-43ee-8cea-4c015648128c',7),(1088,'2023-05-13 23:44:34.591507','22a4d5b3-c344-4ce7-bf2a-d82ce748b5cc',7),(1089,'2023-05-13 23:56:58.221048','4fffc5b1-2a1b-4b5c-9758-b547e9a2d697',7),(1090,'2023-05-13 23:58:52.398321','ee751345-d7da-4ce5-b0ef-15e3ef12a065',7),(1091,'2023-05-14 00:00:00.041800','7b74ab36-c5d1-48e8-9439-f1f7ee2b712d',7),(1092,'2023-05-14 00:01:04.032411','770d18f3-6252-4152-9027-5087b63a629e',7),(1094,'2023-05-14 00:03:55.208770','2967efbc-97d0-4a67-b9d0-6385869b373d',7),(1095,'2023-05-14 00:04:14.831003','212e1627-dab0-4c37-ad48-bfac6595095f',7),(1096,'2023-05-14 00:04:28.915743','afcf5873-4cf9-46b5-bace-cd9ad5afa0d5',7),(1097,'2023-05-14 00:04:32.034191','74469593-82d9-40a8-96da-761c320e8e0f',7),(1098,'2023-05-14 00:04:51.470945','81bebd12-5970-4227-9fc7-160299ed1749',7),(1100,'2023-05-14 00:05:25.155603','364ae526-bcaf-4d57-9ea1-351c38cbe339',7),(1102,'2023-05-14 00:09:28.140751','d133a57a-a5f8-486a-ac00-fce4096c9ab1',7),(1103,'2023-05-14 00:09:47.737794','f60299d8-4967-43c0-b38f-7023bce9f1d1',7),(1104,'2023-05-14 00:10:01.792919','cf4819b8-e492-458d-b66e-beb62c8a6d22',7),(1105,'2023-05-14 00:10:04.868360','e31dd7eb-56ca-455f-8c7e-74630821901c',7),(1106,'2023-05-14 00:10:24.266869','58cf0053-faa1-4892-b27b-94fd29c967d7',7),(1108,'2023-05-14 00:10:57.923725','29acb9ba-1461-4cf3-832d-76a47db2c188',7),(1109,'2023-05-14 00:14:15.207093','c6b14b1e-a18a-4f07-b109-9b825857db0e',7),(1111,'2023-05-14 00:36:16.935254','7e20fe8d-b9a2-4922-a72d-b04e708dcb9f',7),(1112,'2023-05-14 00:36:36.542888','ea9364ac-adc2-4492-aefb-f607b9b0db14',7),(1113,'2023-05-14 00:36:50.428682','37df1fd0-abf5-4775-b85e-909e50a11f01',7),(1114,'2023-05-14 00:36:53.533852','e25ac10b-c256-4ca0-b222-0ca656d42a83',7),(1115,'2023-05-14 00:37:12.807008','f40425f1-c1d4-4e24-bf22-0f421d3f62b9',7),(1117,'2023-05-14 00:37:46.556907','37026a50-db47-4397-bff2-516ef6c0ed45',7),(1119,'2023-05-14 00:41:02.739773','c4b89849-0662-49c1-b5d0-617124929deb',7),(1120,'2023-05-14 00:41:24.229290','d5b7657d-69e5-4cc3-b9a5-986439ce90fb',7),(1121,'2023-05-14 00:41:27.406924','aeb50a8d-9865-424e-8196-a062463ad1d7',7),(1122,'2023-05-14 00:41:46.978372','5edb4c87-2446-4e0e-a19e-e187dadd9baa',7),(1124,'2023-05-14 00:46:55.664936','a5df6159-d917-4682-92a8-b525606a72aa',7),(1125,'2023-05-14 00:47:15.590435','4494c503-4924-4196-94b9-d496b9b34a0c',7),(1126,'2023-05-14 00:47:29.753759','88de68c6-ddfe-4fa8-b808-911f95aa54f7',7),(1127,'2023-05-14 00:47:32.932536','fd719655-c6a2-462e-b007-93a3b14a0d11',7),(1129,'2023-05-14 00:48:00.406905','3c0dd070-2ddf-4e09-b17b-5fec3e9d04c3',7),(1130,'2023-05-14 00:53:13.851244','67d4fe1a-84cf-4033-916e-46b8a0ce3b67',7),(1131,'2023-05-14 00:53:41.556919','e80dd997-857d-49ec-a5ab-d2a0dbd8e299',7),(1133,'2023-05-14 00:54:24.917164','5e1441c5-441f-4c83-8470-c5d2adce6228',7),(1134,'2023-05-14 00:54:44.636557','25171fef-f767-4b1e-93af-348795a8ec47',7),(1135,'2023-05-14 00:54:58.339190','db389c0e-d1b9-45bc-bdb5-e3bd62319a31',7),(1136,'2023-05-14 00:55:01.412412','3f44075b-0478-4599-a0eb-8228fb1e0f64',7),(1137,'2023-05-14 00:55:20.709264','6fb658e6-170c-4e67-88b9-a3a770dd5d16',7),(1139,'2023-05-14 00:55:54.487923','9001b183-4493-4109-9781-28912c46498d',7),(1140,'2023-05-14 01:10:03.225287','30087d68-80f2-4f95-8f50-bd568c9e21bf',7),(1141,'2023-05-14 01:14:09.463275','b9826f4f-b2d6-419e-8ec5-d9eb4af11671',7),(1142,'2023-05-14 01:15:17.183655','84cba8ca-5e54-44ff-b683-66008b1b6602',7),(1143,'2023-05-14 01:16:19.255417','84a82152-156a-4c8b-aa02-c74d2619379c',7),(1145,'2023-05-14 01:17:24.952112','244acaa7-c759-46c7-b991-c880e6e80d96',7),(1146,'2023-05-14 01:17:44.757982','f85a823b-e297-4b38-93a9-1c5281bd9fda',7),(1147,'2023-05-14 01:17:58.793811','9297fd6e-b0f4-4e4e-8765-f25cea3dac05',7),(1148,'2023-05-14 01:18:01.794888','b8ceb2ab-572b-4804-8c62-cfe2daf5966c',7),(1149,'2023-05-14 01:18:21.219086','65595099-9322-497c-aebc-57d5baba74c4',7),(1151,'2023-05-14 01:18:55.039192','256fb904-1892-4c77-82ce-13ff27e61ce6',7),(1152,'2023-05-14 01:23:21.617816','b58dce96-480a-44a8-8273-e03bfbe9e61e',7),(1153,'2023-05-14 01:24:44.787771','bbd5c6eb-fe2a-47b9-a66d-be086644426c',7),(1154,'2023-05-14 01:25:25.952613','c848207b-6e03-447d-a3c1-34670d34a939',7),(1155,'2023-05-14 01:26:05.141053','c76a4284-fb00-48e3-a1bd-a59b76c8b085',7),(1156,'2023-05-14 01:27:13.247688','c4b566bd-2ca9-443a-b820-45a7a367be0a',7),(1157,'2023-05-14 01:28:33.174455','b828e7df-50d4-4801-86bf-54d62dddade3',7),(1159,'2023-05-14 01:29:16.284795','5fc0c7a4-c680-49c3-a637-c090ee163bc7',7),(1160,'2023-05-14 01:29:35.809791','d3440559-13c0-4a29-a4a0-21ea0263bec5',7),(1161,'2023-05-14 01:29:49.927258','57caecb5-b0f0-411c-8890-6635b982c418',7),(1162,'2023-05-14 01:29:52.889276','41f8535a-4ad8-4490-b38e-f0af4452add2',7),(1163,'2023-05-14 01:30:12.304716','dc1ad7b5-9f13-4299-8956-2c5ee488e69f',7),(1165,'2023-05-14 01:30:45.949900','35c9379b-dfd7-4b58-9c65-1487efbbaf67',7),(1166,'2023-05-14 01:30:57.794253','d09f549f-ea22-4337-9c5c-5f2bcd2b78b9',7),(1167,'2023-05-14 01:38:23.878131','6eced6b6-cd74-4bcf-8356-5c11c5c22e90',7),(1168,'2023-05-14 01:40:20.263562','7f8c7079-8ca5-491a-a82b-b379eb0f4079',41),(1169,'2023-05-14 13:31:25.269430','f852bb1e-af71-468b-8839-d39528baaa36',7),(1170,'2023-05-14 13:45:20.941135','0f5e3893-7ff7-472e-8166-b39171cd2be6',7),(1171,'2023-05-14 17:07:54.752875','a4eacc87-78ff-430d-a8f4-bb603c6273e9',7),(1172,'2023-05-14 17:12:14.606127','af27f0b0-629a-4ab6-a350-62cd6dc4cf7e',7),(1173,'2023-05-14 17:12:34.556220','8ef25f95-c33e-475a-ba58-fb071a998ad7',7),(1175,'2023-05-14 17:12:58.509523','0b94dff6-5079-4049-b80a-d02fd6d6959b',7),(1176,'2023-05-14 17:13:12.330707','d7c5eced-7743-481d-85cc-60fe4934f0be',7),(1179,'2023-05-14 17:14:43.869799','5c73e60e-71a4-4629-98de-c8a37e4d86b6',7),(1180,'2023-05-14 17:15:03.526292','d332e6a0-45b6-41ae-8aa3-77b896b800f3',7),(1181,'2023-05-14 17:15:18.299638','7c8ac787-7c70-4d02-8bee-2635fd5cced5',7),(1182,'2023-05-14 17:15:21.491370','bc04e7c0-da2a-4231-84d3-a2c2c1e0575a',7),(1183,'2023-05-14 17:15:41.022621','b9048360-3f68-4f7a-8fab-b3678499610f',7),(1185,'2023-05-14 17:16:04.664148','18eb5b4c-15a1-49f2-8a3b-4aba94637689',7),(1186,'2023-05-14 17:16:18.414875','b359644a-2218-4ccd-ad54-f5cd957894f9',7),(1187,'2023-05-14 17:17:02.558064','4c9002ad-4bb2-4f6e-8336-e6bed4993309',7),(1188,'2023-05-14 17:17:58.703831','0a6bd8ff-dd19-477e-8e0d-aac4220b62a8',7),(1189,'2023-05-14 17:19:00.610874','bdf83adb-c10e-4cb5-96b6-104e1c02e843',7),(1190,'2023-05-14 17:19:37.979118','7d7f2444-63d2-4a00-b750-c6ef563d907f',7),(1191,'2023-05-14 17:20:19.873302','a16d0f96-3b97-4b85-aa5b-f92f27b80f82',7),(1192,'2023-05-14 17:21:14.408411','7fa863cb-14bc-4e76-94f2-d75fa1d8e45f',7),(1193,'2023-05-14 17:22:22.279869','9b7a9eb9-ac82-43e9-872c-1a5ec71c06fd',7),(1194,'2023-05-14 17:23:18.797511','d929494c-143c-4dd2-9f87-28497a9b012b',7),(1195,'2023-05-14 17:24:15.208111','6c97be2a-c987-4bf2-a54e-796bebb7aee8',7),(1196,'2023-05-14 17:25:09.921746','0140aba0-feb3-4d4a-b291-accc51643acb',7),(1197,'2023-05-14 17:25:38.367279','70485705-75fd-4c07-ae99-00ebb264f742',7),(1198,'2023-05-14 17:26:44.117985','05f22f76-04b8-4687-9334-b9a7b105f934',7),(1199,'2023-05-14 17:27:05.797254','66ccce96-6d9c-4990-8e56-e3fdd748f74e',7),(1200,'2023-05-14 17:28:07.264684','37c8ed7b-46e8-457a-96b6-8825a7276a61',7),(1201,'2023-05-14 17:29:21.803140','c4da6ea9-716e-464b-9505-c7a9a93c9c9b',7),(1202,'2023-05-14 17:29:43.547128','2c71be74-bf5b-44c6-b2d2-43b4381e12a6',7),(1203,'2023-05-14 17:32:10.825469','84652d5a-7ff6-43c6-bb8a-af55d572afda',7),(1205,'2023-05-14 17:33:14.355201','1bf66189-1d4f-43cf-8fcb-f297c6e82f40',7),(1206,'2023-05-14 17:33:34.208919','928e3318-8ce1-4e92-8bf6-319eb34cdce1',7),(1207,'2023-05-14 17:33:48.133651','5a1d8123-6d5b-4301-b447-12ef832dea95',7),(1208,'2023-05-14 17:33:51.270135','3f915f20-c3d8-47b7-9239-33a2c1a91eed',7),(1209,'2023-05-14 17:34:10.732753','5195000f-20a6-4940-b72e-442e31faea0d',7),(1211,'2023-05-14 17:34:44.790550','595a7e53-062e-46b1-9761-be705628c6f3',7),(1212,'2023-05-14 17:34:58.573851','72bac9a7-338a-4d3d-850a-a760f248ebd3',7),(1213,'2023-05-14 17:37:50.256974','a37b9108-e971-4f4b-b268-5864ebc023d7',7),(1214,'2023-05-14 17:38:23.644586','2f9526bc-b71b-4091-adff-42ef73cdeb09',7),(1215,'2023-05-14 17:40:26.852410','7d5d9b98-bde3-4428-839b-048d76ae3f82',7),(1216,'2023-05-14 17:41:15.051727','4af5e357-cfb2-4fd7-8d19-1ea18f98020e',7),(1217,'2023-05-14 17:41:57.673694','f07ceac3-608c-4877-b1de-53e3627ccdcc',7),(1218,'2023-05-14 17:42:39.182997','f45a90c8-ee42-4c55-8bc3-d60abc7fc8f4',7),(1219,'2023-05-14 17:43:49.222844','05fed8d5-ae29-4edf-8528-9d383f99dbc6',7),(1220,'2023-05-14 17:45:42.339738','7002dcbe-cae9-42e8-ad4a-6a826a55d972',7),(1221,'2023-05-14 17:46:11.301639','741ba778-887a-4d1d-aa18-5ad705359791',7),(1222,'2023-05-14 17:47:13.888688','9e4d383c-9519-4b62-9ba5-af350005630c',7),(1223,'2023-05-14 17:49:03.216767','1646c9a1-d49f-40ee-a4a9-e2f2ca10f030',7),(1224,'2023-05-14 17:50:19.528078','ddb12d32-b034-4847-ba11-57a70666229f',7),(1225,'2023-05-14 17:51:29.468566','76c33f33-d48a-46da-90cc-e953d0a3f19a',7),(1226,'2023-05-14 17:51:56.879893','cc436e0a-ddff-4e0f-8e5b-24cc8b9290a7',7),(1227,'2023-05-14 17:53:19.490166','a578a371-b637-41fe-9699-441eab7b41cd',7),(1230,'2023-05-14 17:55:16.442597','6b867e81-dc74-4045-8ece-4ed750fa1ce6',7),(1233,'2023-05-14 17:56:49.876087','93ef2bcb-13fe-472f-8b9d-fc1961ceffe1',7),(1235,'2023-05-14 17:57:46.291809','638450aa-6a15-4ba6-9e06-b5c33dd095aa',7),(1236,'2023-05-14 17:58:06.024657','272ec3e0-8c04-4430-a40f-9a48860b480d',7),(1237,'2023-05-14 17:58:20.080738','815d7dbc-29e4-41b8-a7a7-ea4435dfa428',7),(1238,'2023-05-14 17:58:23.243155','3d377436-1975-4c6e-8799-46004ff53319',7),(1239,'2023-05-14 17:58:42.574652','558739a6-b34f-42d0-8ef0-57b12ef39cf4',7),(1241,'2023-05-14 17:59:16.409107','1dbbd683-22f2-4f0f-a155-7036bb56f304',7),(1242,'2023-05-14 17:59:31.302026','f8dac6d8-82bc-42d9-ae67-cb762dd35978',7),(1244,'2023-05-14 18:12:25.429035','2c45045f-379d-450c-a04a-fde18a18b939',7),(1245,'2023-05-14 18:12:48.741679','18420494-f447-4c59-90f9-d74baf48609b',7),(1246,'2023-05-14 18:13:04.906894','a46dd523-e3f5-4eb7-9e35-f36b87fa3d34',7),(1247,'2023-05-14 18:13:07.985459','0456e096-1f58-427e-a59c-426b90da65a4',7),(1248,'2023-05-14 18:13:34.016370','5ac2aa13-3dc8-49eb-ad39-c7b0ee801fcf',7),(1250,'2023-05-14 18:14:08.779356','440ed014-baee-490c-9cab-04f57edfd043',7),(1251,'2023-05-14 18:14:26.521790','a2a93ea3-166f-41a5-8fcf-094fbd7c48de',7),(1252,'2023-05-14 18:15:39.454814','127209c3-b1ca-4435-b94d-880c0d0df6b2',7),(1253,'2023-05-14 18:16:49.278663','a014ef70-078f-478a-885a-2efba0e77e24',7),(1254,'2023-05-14 18:17:28.408800','1086c6a1-a056-41f3-8a2b-e31d84605de1',7),(1255,'2023-05-14 18:22:51.984770','075fbd50-87b5-4475-9a19-1e205e39f0f3',7),(1256,'2023-05-14 18:23:36.504463','5238d41b-5a2b-45f7-96b5-d45fed305133',7),(1257,'2023-05-14 18:24:18.794234','1bd91434-854e-4640-b4ea-2e870238e234',7),(1259,'2023-05-14 18:25:27.912308','cfacff41-ea75-4483-b99c-838d1fff4970',7),(1260,'2023-05-14 18:25:55.061067','15a2485b-f102-4526-b456-7a62d7445c84',7),(1261,'2023-05-14 18:26:10.992701','917a6758-dc00-4a67-865a-f845f9210633',7),(1262,'2023-05-14 18:26:14.033625','3ece24ff-b9e5-4b31-8010-da6d7b48211b',7),(1263,'2023-05-14 18:26:40.175963','67f43e52-96a3-4a29-af12-150681f72b4a',7),(1265,'2023-05-14 18:27:15.198737','707c050b-02c9-4549-9291-5d957ac349a0',7),(1266,'2023-05-14 18:27:33.016946','1f2793eb-9213-42a8-9e13-59a25a2f5389',7),(1267,'2023-05-14 18:28:31.406040','9b3a20c1-d5f2-42fb-915d-5c145dcefebf',7),(1268,'2023-05-14 18:29:53.335522','29464eab-b093-4bf5-9dcf-aa6918695ac3',7),(1269,'2023-05-14 18:31:21.644499','64011b40-640b-4f71-a57e-078aebb3fab0',7),(1270,'2023-05-14 18:32:45.218776','f1373d67-0935-46f6-9ff2-e1058681d63f',7),(1271,'2023-05-14 18:34:14.938397','60551bcb-9917-4773-87c0-8cbc57805527',7),(1273,'2023-05-14 18:35:14.658812','b7b15ab6-5f77-4a36-84ec-f507a8195426',7),(1274,'2023-05-14 18:35:41.697116','d8623052-de7d-4c4b-b1fb-24af5223e8ed',7),(1275,'2023-05-14 18:35:57.636485','ba361739-a3db-46ae-8e3a-26f607b816b3',7),(1276,'2023-05-14 18:36:00.559953','f0bb300d-3485-4ae6-ac28-97fbf97338e9',7),(1277,'2023-05-14 18:36:27.211807','383e1571-87d4-408c-a623-9e072ddca334',7),(1278,'2023-05-14 18:37:04.853446','40eaaf1d-eff4-4d31-ba9c-d5b67ea7ca24',59),(1279,'2023-05-14 18:37:09.774093','eacb4a50-4165-4e95-b9b6-231aeb97d00d',7),(1280,'2023-05-14 18:37:27.305941','c5a41da3-8c2f-45b3-aa37-b49cc8563994',7),(1281,'2023-05-14 20:04:30.818194','5c63d2a7-0fe9-42a7-be54-780292fbeffc',60),(1282,'2023-05-14 20:08:08.029298','a07c94be-0944-428e-b6ea-7ced62192078',60),(1283,'2023-05-14 20:08:39.978613','374b407a-dd88-4562-b52f-3c5e3cb15490',60),(1284,'2023-05-14 20:09:17.291600','6fbf7fc4-2593-410e-89f1-ef65c10bc5c2',60),(1285,'2023-05-14 20:10:29.082714','a33f2cd2-c41e-4294-9210-445d7cbaa0a5',60),(1286,'2023-05-14 20:12:57.717478','1152dbf0-0c2b-4c87-9dd1-2cf0a4bf5d14',60),(1287,'2023-05-14 20:15:22.388456','e01ecae2-a8a7-45fb-8c81-5ee432a1827c',60),(1288,'2023-05-14 20:20:54.936680','3dbc3947-c9e7-43e4-a8f4-0ec7a55aa9dd',60),(1289,'2023-05-14 20:22:12.508010','e9a7e518-2ebf-47a7-8fdc-8de4a8eefc6e',60),(1290,'2023-05-14 20:23:58.280944','412b9e82-af3f-4eab-989c-f4301761eca7',60),(1291,'2023-05-14 20:26:56.451837','bda839f4-07b7-4355-a587-a49d032c92bb',60),(1292,'2023-05-14 20:28:17.690834','c05201c1-2a6e-426a-9a0d-31fc88b166ea',60),(1293,'2023-05-14 20:31:48.384472','89850927-db9f-4d40-b4c1-6e2023637915',60),(1294,'2023-05-14 21:11:03.553458','11fd33b9-8cc7-4a39-8852-cf66c7dee443',60),(1295,'2023-05-14 21:13:03.355901','0fd9f14a-8587-47ee-a0e0-0217febb0dc5',60),(1296,'2023-05-14 21:13:48.302031','6b85705f-abb9-4ab7-bdc0-7321ec41639e',60),(1297,'2023-05-14 21:14:22.924336','b24fad68-b5b6-4d74-84ba-fb0e9e634af6',60),(1298,'2023-05-14 21:14:46.042443','d49e224a-667f-49b5-8913-9685a2a53d1c',60),(1299,'2023-05-14 21:27:45.701172','eb6fc858-1b34-4306-ab5f-d9fa54b28c04',61),(1300,'2023-05-14 21:28:35.363531','d6f7dd3b-3b93-47e5-8287-51b43ad05897',62),(1301,'2023-05-14 21:30:25.329280','878b902e-4030-4f9b-8e04-bbb5582669bb',63),(1302,'2023-05-14 21:31:16.100639','378114ee-7667-4179-aaed-ca0140b80eff',64),(1303,'2023-05-14 21:31:47.843742','a7ffc987-b95f-4712-b478-8db4194d512f',65),(1304,'2023-05-14 21:32:39.931416','4214a7d7-24cf-49e2-9e4d-8cc79310a2c4',66),(1305,'2023-05-14 21:34:37.384149','28456002-c04d-4f2c-94df-9e6e93298838',67),(1307,'2023-05-14 21:35:01.967119','6c1ee475-7141-4e90-a53d-6677ca1ebefd',7),(1308,'2023-05-14 21:35:31.093770','8c5d0b8c-5eed-4c57-a2be-f26f5db0c867',69),(1309,'2023-05-14 21:35:45.564704','4132a0ca-0c81-4613-978e-2f69e520535c',7),(1310,'2023-05-14 21:36:01.364071','e8fcfb18-f686-47ba-9295-50ab44d30564',7),(1311,'2023-05-14 21:36:04.311084','40ce5d85-5d7a-40f5-a331-bb0a5a793fe2',7),(1312,'2023-05-14 21:36:30.674463','5b48725a-913a-4682-bf01-3bf126d650e2',7),(1313,'2023-05-14 21:37:08.444854','ab7329b7-b822-468f-8c3b-00b9bdaeaccc',70),(1314,'2023-05-14 21:37:13.480962','3498c2fc-24f4-40bb-9775-37ad3092e45b',7),(1315,'2023-05-14 21:37:31.036082','9f9a4045-45eb-44f1-86f4-05a0f10c8d4d',7),(1316,'2023-05-14 21:43:36.978573','ad00d490-fb97-4f97-b30c-468d69787b38',7),(1317,'2023-05-14 21:44:28.769101','a4d9396b-cdfd-4d9c-aaee-d80e103a3f82',7),(1318,'2023-05-16 19:52:48.454440','ec35fa7d-5e2d-4975-bbcf-c39ed10556ea',7),(1319,'2023-05-16 19:53:19.422843','efe47e32-a954-416e-8bff-36aa73d3ad11',71),(1320,'2023-05-16 20:10:52.463428','8fbedc1a-90f1-4203-ae88-a866a3c2bf48',71),(1321,'2023-05-16 20:11:55.884934','3b8622df-35e1-4421-a8fc-d4d544f46622',71),(1322,'2023-05-16 20:12:52.669728','621436bb-ef36-4b12-81ca-e6fd7e6f6c3f',71),(1323,'2023-05-16 20:13:14.918025','373e21f9-6510-4a0e-b429-051cf20dd33a',71),(1324,'2023-05-16 20:14:16.611857','abc33763-f314-40a6-a7e9-5df067f909f3',71),(1325,'2023-05-16 20:14:51.931115','dfcd6f0f-6391-4a3c-b15d-ffa6df64c717',71),(1326,'2023-05-16 20:15:15.797625','5351a676-cec4-4d04-8556-fc323660308f',71),(1327,'2023-05-16 20:16:43.208160','61f5d14b-6081-42a9-aafd-3684250295a0',71),(1328,'2023-05-17 00:54:17.456649','34346086-5240-4d20-a88a-5fb474b7eab0',71),(1329,'2023-05-17 00:55:01.005616','ee12f793-f623-4257-9af7-19450ada29e9',71),(1330,'2023-05-17 03:48:43.895599','02d0561d-c9a5-43ef-ad8d-13be2213b448',71),(1331,'2023-05-18 23:55:32.265338','bff1c0d1-39aa-40a1-8972-013d21603daa',7),(1332,'2023-05-19 00:00:35.362230','dccebc9c-2f7e-468f-865b-b12f1ec39c55',1),(1333,'2023-05-19 00:04:50.680544','3b01090f-ae92-4160-afae-3de4e11827fb',7),(1334,'2023-05-19 00:05:59.320417','cd23fe60-a4ae-4f54-850f-51047a44e0a0',7),(1335,'2023-05-19 00:22:44.834175','56707d6c-1454-491f-bff8-5751071901ca',7),(1336,'2023-05-19 00:40:44.944186','d7965707-4362-4d36-a007-244420e9e12b',7),(1337,'2023-05-21 17:44:13.995210','48af5397-53da-4a60-af04-e2c3afc30036',71),(1338,'2023-05-21 17:50:50.693605','c4664cba-bc5e-447c-be5d-d017d2f7fffb',71),(1339,'2023-05-21 18:34:21.008932','7fe230cd-008b-4b08-9cae-dc1ebff142f6',71),(1340,'2023-05-21 18:50:15.521521','3db176b0-e1b7-4a57-a07c-4c08a613cd5a',71),(1341,'2023-05-21 19:42:10.895665','5791d648-230e-4a54-bffc-0e28666db028',71),(1342,'2023-05-21 20:05:35.897030','71433dd8-7629-4a4b-a7c7-9b7ef5c69a8d',71),(1343,'2023-05-21 20:55:18.716979','31ba4d43-845d-49d6-af3e-87194c34b727',71),(1344,'2023-05-21 21:15:02.489259','69789200-4acb-4244-900d-3b9c76dedeba',71),(1345,'2023-05-21 21:17:27.998200','9295f67c-4dc5-48f1-b042-0ab8addd9238',71),(1346,'2023-05-21 21:19:28.920110','eb6c51ed-1794-4d9a-b410-7be1b9ddfbe7',71),(1347,'2023-05-21 21:22:05.906304','39a5d966-6c18-4389-856e-650be60ab99a',71),(1348,'2023-05-21 21:26:37.498263','8cedb929-6656-4a9e-9694-ec3afb19ade2',71),(1349,'2023-05-21 21:29:42.336110','9d9029ee-be81-4619-9865-a0c66918101e',71),(1350,'2023-05-21 21:30:43.298305','4601e357-51c8-4983-ad0a-ab1314985ed1',71),(1351,'2023-05-22 14:28:22.826680','82933ca8-6d95-41a8-aff1-1a9c65762a6c',71),(1352,'2023-05-22 14:29:53.839550','aef5fe02-eec9-4b65-a86c-d56f1174a6f6',71),(1353,'2023-05-22 14:32:32.380036','dbb6fc21-9614-4a4d-9c0b-81a3d42a4eb5',71),(1354,'2023-05-22 14:33:40.205197','b249a82e-6a8d-4f7e-a1ee-5644f32c535e',71),(1355,'2023-05-22 14:34:32.376227','dcb63ca7-7e42-4772-b72e-fbf1685a0ec7',71),(1356,'2023-05-22 14:37:02.216422','13d2cbd7-da75-4010-b318-0d8725849fed',71),(1357,'2023-05-22 16:20:19.447053','a9f1627c-2716-49c4-9232-5c4abf7a8e5d',71),(1358,'2023-05-22 16:44:02.136337','782e7552-f3db-4450-96f1-82fb3315bfde',71),(1359,'2023-05-22 16:45:55.038804','4d325c0e-79d7-4d6e-8e1d-07a18280ed1c',71),(1360,'2023-05-22 16:49:18.854892','37420d81-38de-41d5-96a2-5aed5268b249',71),(1361,'2023-05-22 16:56:27.762289','dc65c612-af33-4675-869b-337fb7bbf542',71),(1362,'2023-05-22 16:59:26.283216','c297542d-991d-4878-9813-5fd2205179e2',71),(1363,'2023-05-22 17:01:56.389338','94195921-0f3d-4db4-917a-2f710ff08e93',71),(1364,'2023-05-22 17:02:32.512874','eb8051f9-fe99-4f9b-ba5e-ad58507b8524',71),(1365,'2023-05-22 17:04:18.962349','58f42fea-a975-41a9-b6b6-2e9046a411b1',71),(1366,'2023-05-22 17:04:53.802023','9715b3de-236c-4cfb-b2f0-9d4218bac678',71),(1367,'2023-05-22 17:05:52.402478','b1b947f0-ebc0-484e-a98a-f4ecdf47db24',71),(1368,'2023-05-22 17:06:20.649324','777ebc7f-37e0-4562-ac9b-359e3491e893',71),(1369,'2023-05-22 17:06:52.678951','44e9e70f-aad6-4c28-9603-3747beb23d19',71),(1370,'2023-05-22 17:08:45.136237','07749328-2556-4250-a66e-3d9b3247cacf',71),(1371,'2023-05-22 17:09:40.620341','acceab36-c9e5-47b1-83be-fa7ae85ef8a6',71),(1372,'2023-05-22 17:10:05.536133','5db41ca3-cc38-475e-b032-e05a42c986ae',71),(1373,'2023-05-22 17:10:55.941977','f3fce77a-764f-4ce9-bdab-87de2e774b63',71),(1374,'2023-05-22 17:15:59.011721','be2b3db6-5652-47b0-9b3e-221ed99685b6',71),(1375,'2023-05-22 17:16:23.937369','c317bef2-8a87-4be3-9931-81ff352a0db4',71),(1376,'2023-05-22 17:21:53.818057','716a67cf-1c33-433a-b34e-d7d72cf6d3cc',71),(1377,'2023-05-22 17:22:40.154653','7bbf8675-0f05-4e60-8d94-cd75825e220d',71),(1378,'2023-05-22 17:23:18.479850','5e7c563d-cfb7-4a14-bb82-062e38607136',71),(1379,'2023-05-22 18:06:09.677897','a3682dc4-4cb7-4cee-85fd-bca60042ee2d',71),(1380,'2023-05-22 18:07:20.556325','4e49e746-5314-4435-bd95-3f4e376e2570',71),(1381,'2023-05-22 18:36:39.740424','887794d1-79d4-4c11-b36b-cb9c17862fd2',71),(1382,'2023-05-22 18:40:33.746819','5207e2c3-5845-453f-a044-1518a5e2c492',71),(1383,'2023-05-22 18:43:34.395797','b8ed646a-173a-4ef4-bdb6-b9f1d1b60aa0',71),(1384,'2023-05-22 19:27:39.198572','e520ca8e-c6c5-4b20-aace-ee32d7e1ae5d',71),(1385,'2023-05-22 19:28:09.725222','047605fc-c459-44b1-bb9b-a237a368023a',71),(1386,'2023-05-22 19:29:15.859659','c83b1693-0a5c-466d-a3cb-a1519f44795c',71),(1387,'2023-05-22 19:30:28.600309','176effbc-4d49-4cbb-8449-784ba85df7db',71),(1388,'2023-05-22 19:31:18.579444','58d897fd-bc41-4a8f-aed1-568593109daf',71),(1389,'2023-05-22 19:32:20.642371','4b6ab4d6-cb07-4270-9199-4b6a218cdc2a',71),(1390,'2023-05-22 19:34:25.467457','7acf1ce0-e101-4197-8207-228a7992c5ca',71),(1391,'2023-05-22 19:34:50.952591','e3c5891c-9ea5-404d-a98f-679df2851b62',71),(1392,'2023-05-22 21:36:49.565720','a4d1d441-49f9-495a-8ee5-f2d0ff24c35e',71),(1393,'2023-05-22 21:39:16.359908','4bc976fd-dc79-43fd-8265-59e4e63f9654',71),(1394,'2023-05-22 21:41:22.600785','6814a296-8e18-4f8d-9c25-e0734bd06a09',71),(1395,'2023-05-22 21:43:24.725899','8ec6eb67-4ff2-4f2b-9aef-70acd1afd50a',71),(1396,'2023-05-22 21:48:53.733154','272fc107-24c6-4c2b-8aaf-535ab45f6ede',71),(1397,'2023-05-22 21:56:35.286987','25ffa4d0-7618-4639-b3c7-cc32e0bb18dd',71),(1398,'2023-05-22 21:58:28.911509','fb831ffe-0a64-4247-a5f3-c92f35b24cd0',71),(1399,'2023-05-22 21:59:37.292523','c63aaa3b-5985-4641-93b6-032067e1e593',71),(1400,'2023-05-22 22:00:46.907419','6c9d91e2-c60b-4604-9a9a-aae8339574c9',71),(1401,'2023-05-25 06:43:25.442050','6c475c56-4932-4605-bc99-e1142ffaf59b',71),(1402,'2023-05-25 22:57:20.303135','1701c1d8-ccb7-421f-8146-f351f07916b4',71),(1403,'2023-05-26 10:18:24.254402','c91b1473-f70f-4d18-921e-1fe271c9d2e1',71),(1404,'2023-05-26 10:18:37.678902','760b31fe-e85c-4f07-bf5e-a79b56d117e4',7),(1405,'2023-05-27 00:48:47.828463','f72a2935-8f5f-47a0-9aa7-4e195ffd5f54',71),(1406,'2023-05-27 00:54:49.640732','feceb8b0-e9e6-4ddd-a4f5-42d4743584fc',71),(1407,'2023-05-27 00:58:57.438612','ac603b14-0e67-4a5a-a2a0-9405d328ad28',71);
/*!40000 ALTER TABLE `refreshtoken` ENABLE KEYS */;
UNLOCK TABLES;

--
-- Table structure for table `role`
--

DROP TABLE IF EXISTS `role`;
/*!40101 SET @saved_cs_client     = @@character_set_client */;
/*!50503 SET character_set_client = utf8mb4 */;
CREATE TABLE `role` (
  `id` int NOT NULL AUTO_INCREMENT,
  `name` varchar(20) DEFAULT NULL,
  PRIMARY KEY (`id`)
) ENGINE=InnoDB AUTO_INCREMENT=4 DEFAULT CHARSET=utf8mb4 COLLATE=utf8mb4_0900_ai_ci;
/*!40101 SET character_set_client = @saved_cs_client */;

--
-- Dumping data for table `role`
--

LOCK TABLES `role` WRITE;
/*!40000 ALTER TABLE `role` DISABLE KEYS */;
INSERT INTO `role` VALUES (1,'Administrator'),(2,'Role2'),(3,'User');
/*!40000 ALTER TABLE `role` ENABLE KEYS */;
UNLOCK TABLES;

--
-- Table structure for table `user`
--

DROP TABLE IF EXISTS `user`;
/*!40101 SET @saved_cs_client     = @@character_set_client */;
/*!50503 SET character_set_client = utf8mb4 */;
CREATE TABLE `user` (
  `id` bigint NOT NULL AUTO_INCREMENT,
  `email` varchar(255) NOT NULL,
  `password` varchar(255) NOT NULL,
  `username` varchar(255) NOT NULL,
  `fk_role_id` int NOT NULL DEFAULT '3',
  `blocked` tinyint NOT NULL DEFAULT '0',
  `firebase_token` varchar(255) NOT NULL DEFAULT '',
  PRIMARY KEY (`id`),
  UNIQUE KEY `UKsb8bbouer5wak8vyiiy4pf2bx` (`username`),
  UNIQUE KEY `UKob8kqyqqgmefl0aco34akdtpe` (`email`),
  UNIQUE KEY `id_UNIQUE` (`id`),
  KEY `user_to_role_idx` (`fk_role_id`),
  CONSTRAINT `user_to_role` FOREIGN KEY (`fk_role_id`) REFERENCES `role` (`id`)
) ENGINE=InnoDB AUTO_INCREMENT=72 DEFAULT CHARSET=utf8mb4 COLLATE=utf8mb4_0900_ai_ci;
/*!40101 SET character_set_client = @saved_cs_client */;

--
-- Dumping data for table `user`
--

LOCK TABLES `user` WRITE;
/*!40000 ALTER TABLE `user` DISABLE KEYS */;
INSERT INTO `user` VALUES (1,'hello@gmail.com','961B6DD3EDE3CB8ECBAACBD68DE040CD78EB2ED5889130CCEB4C49268EA4D506','reg',1,0,''),(2,'yy','EF90D9C1EC76B1EDC9EDFAF2C0C05359C10CCC49AE8ECF7B7FD25CE9C02E86A4','yy',3,0,''),(3,'aa','961B6DD3EDE3CB8ECBAACBD68DE040CD78EB2ED5889130CCEB4C49268EA4D506','aa',3,0,''),(4,'newuser','9C9064C59F1FFA2E174EE754D2979BE80DD30DB552EC03E7E327E9B1A4BD594E','newuser',3,0,''),(5,'liox@.co','2521ECA5C4997D8EE499EC689CABB1BBF6F55F5AB2E2B7FC1D4A843DACE9CEFE','liox',3,0,'e3ikAwv_QiaDN0U44mi86Q:APA91bGb3EjDoNz-WOSvF4RDU4tNTHjgq0jtpedxkovwVld5NQInSwqwttyRMLfm85qmW1TUqvXS-xPDUX40vKHI1W1syIiOSbjqh14vPSi6OF9y52t9A3gA2Z5MK30pVEokq5p_0lvZ'),(6,'sss@.com','EF797C8118F02DFB649607DD5D3F8C7623048C9C063D532CC95C5ED7A898A64F','aaaa',3,0,'e3ikAwv_QiaDN0U44mi86Q:APA91bGb3EjDoNz-WOSvF4RDU4tNTHjgq0jtpedxkovwVld5NQInSwqwttyRMLfm85qmW1TUqvXS-xPDUX40vKHI1W1syIiOSbjqh14vPSi6OF9y52t9A3gA2Z5MK30pVEokq5p_0lvZ'),(7,'bb@fg.com','FB398CC690E15DDBA43EE811B6C0D3EC190901AD3DF377FEC9A1F9004B919A06','bbbb',1,0,'e3ikAwv_QiaDN0U44mi86Q:APA91bH8CbB-O3kIAEbo3IBjCRxLINlBgPriConXD47HWqQfAXclJThT84V3W4JrMrzptu9WCh6GNMtDMTD2uQxHpa1R6sQrGuJ6oNjqKifnZzvdK4GGNcSBVZGTweTt0NXuVTAOskyS'),(16,'csacc@gmail.com','9FA10FC879D17C2711872C9DDB2D9B4BC792B5F326D0ECEB94F81E629CAF1222','csbdccc',3,0,'e3ikAwv_QiaDN0U44mi86Q:APA91bGb3EjDoNz-WOSvF4RDU4tNTHjgq0jtpedxkovwVld5NQInSwqwttyRMLfm85qmW1TUqvXS-xPDUX40vKHI1W1syIiOSbjqh14vPSi6OF9y52t9A3gA2Z5MK30pVEokq5p_0lvZ'),(41,'aaaa@gmail.com','FB398CC690E15DDBA43EE811B6C0D3EC190901AD3DF377FEC9A1F9004B919A06','hehe',3,0,'none'),(59,'1683992221182@gmail.com','FB398CC690E15DDBA43EE811B6C0D3EC190901AD3DF377FEC9A1F9004B919A06','1683992221182',3,1,'e3ikAwv_QiaDN0U44mi86Q:APA91bGb3EjDoNz-WOSvF4RDU4tNTHjgq0jtpedxkovwVld5NQInSwqwttyRMLfm85qmW1TUqvXS-xPDUX40vKHI1W1syIiOSbjqh14vPSi6OF9y52t9A3gA2Z5MK30pVEokq5p_0lvZ'),(60,'heaaatt@gm.com','898642B9087095ABD1CC23F7C2725C1573C4D6F2AFBCCB10CCC8A8555F0C3E87','heaaa1',3,0,'e3ikAwv_QiaDN0U44mi86Q:APA91bGb3EjDoNz-WOSvF4RDU4tNTHjgq0jtpedxkovwVld5NQInSwqwttyRMLfm85qmW1TUqvXS-xPDUX40vKHI1W1syIiOSbjqh14vPSi6OF9y52t9A3gA2Z5MK30pVEokq5p_0lvZ'),(61,'1684002461624@gmail.com','174585FADE946A1AE52E3CED294110F78B31670AB6613BACCF5D604CF04B9399','1684002461624',3,0,'e3ikAwv_QiaDN0U44mi86Q:APA91bGb3EjDoNz-WOSvF4RDU4tNTHjgq0jtpedxkovwVld5NQInSwqwttyRMLfm85qmW1TUqvXS-xPDUX40vKHI1W1syIiOSbjqh14vPSi6OF9y52t9A3gA2Z5MK30pVEokq5p_0lvZ'),(62,'1684002511972@n.m','9011534861CFB63AE92973A4FB2E5F9031CC8C63001985244B06E386BB644C6C','1684002511972',3,0,'e3ikAwv_QiaDN0U44mi86Q:APA91bGb3EjDoNz-WOSvF4RDU4tNTHjgq0jtpedxkovwVld5NQInSwqwttyRMLfm85qmW1TUqvXS-xPDUX40vKHI1W1syIiOSbjqh14vPSi6OF9y52t9A3gA2Z5MK30pVEokq5p_0lvZ'),(63,'1684002621819@n.m','ACA40BA0D4481E66080DF90900B6AD6CEC89B8CF5DD78C2656BCC62C5FE19037','1684002621819',3,0,'e3ikAwv_QiaDN0U44mi86Q:APA91bGb3EjDoNz-WOSvF4RDU4tNTHjgq0jtpedxkovwVld5NQInSwqwttyRMLfm85qmW1TUqvXS-xPDUX40vKHI1W1syIiOSbjqh14vPSi6OF9y52t9A3gA2Z5MK30pVEokq5p_0lvZ'),(64,'1684002672718@n.m1','B779A845055BFC4FBDDF2545582167F0D61E7C097970719B261B4F07AEE95BAF','16840026727181',3,0,'e3ikAwv_QiaDN0U44mi86Q:APA91bGb3EjDoNz-WOSvF4RDU4tNTHjgq0jtpedxkovwVld5NQInSwqwttyRMLfm85qmW1TUqvXS-xPDUX40vKHI1W1syIiOSbjqh14vPSi6OF9y52t9A3gA2Z5MK30pVEokq5p_0lvZ'),(65,'1684002704275@gmail.com','FF8C62E03983CBAEBEA17C31BA140ED95C6702C429FB3B00D8A756EAC3EE8269','1684002704275',3,0,'e3ikAwv_QiaDN0U44mi86Q:APA91bGb3EjDoNz-WOSvF4RDU4tNTHjgq0jtpedxkovwVld5NQInSwqwttyRMLfm85qmW1TUqvXS-xPDUX40vKHI1W1syIiOSbjqh14vPSi6OF9y52t9A3gA2Z5MK30pVEokq5p_0lvZ'),(66,'1684002756404@gmail.com','7AC6A814AE262604F9397B12A3B2312ECC6156B50D7B464FE9D68BFD859344C3','1684002756404',3,0,'e3ikAwv_QiaDN0U44mi86Q:APA91bGb3EjDoNz-WOSvF4RDU4tNTHjgq0jtpedxkovwVld5NQInSwqwttyRMLfm85qmW1TUqvXS-xPDUX40vKHI1W1syIiOSbjqh14vPSi6OF9y52t9A3gA2Z5MK30pVEokq5p_0lvZ'),(67,'1684002873831@gmail.com','EB90750DC6FE76A012D28ECAD745CE8022B8A30F6C8323AA82A913D1489BD542','1684002873831',3,0,'e3ikAwv_QiaDN0U44mi86Q:APA91bGb3EjDoNz-WOSvF4RDU4tNTHjgq0jtpedxkovwVld5NQInSwqwttyRMLfm85qmW1TUqvXS-xPDUX40vKHI1W1syIiOSbjqh14vPSi6OF9y52t9A3gA2Z5MK30pVEokq5p_0lvZ'),(69,'1684002928116@n.m1','57BCDA7B7613712AE4EED3F8F822A4CE65027E1026BC6C066746C2385EBBBEBD','16840029281161',3,0,'e3ikAwv_QiaDN0U44mi86Q:APA91bGb3EjDoNz-WOSvF4RDU4tNTHjgq0jtpedxkovwVld5NQInSwqwttyRMLfm85qmW1TUqvXS-xPDUX40vKHI1W1syIiOSbjqh14vPSi6OF9y52t9A3gA2Z5MK30pVEokq5p_0lvZ'),(70,'1684003025533@gmail.com','FB398CC690E15DDBA43EE811B6C0D3EC190901AD3DF377FEC9A1F9004B919A06','1684003025533',3,0,'e3ikAwv_QiaDN0U44mi86Q:APA91bGb3EjDoNz-WOSvF4RDU4tNTHjgq0jtpedxkovwVld5NQInSwqwttyRMLfm85qmW1TUqvXS-xPDUX40vKHI1W1syIiOSbjqh14vPSi6OF9y52t9A3gA2Z5MK30pVEokq5p_0lvZ'),(71,'ieva@gmail.com','1F3CE40415A2081FA3EEE75FC39FFF8E56C22270D1A978A7249B592DCEBD20B4','ieva',3,0,'e3ikAwv_QiaDN0U44mi86Q:APA91bH8CbB-O3kIAEbo3IBjCRxLINlBgPriConXD47HWqQfAXclJThT84V3W4JrMrzptu9WCh6GNMtDMTD2uQxHpa1R6sQrGuJ6oNjqKifnZzvdK4GGNcSBVZGTweTt0NXuVTAOskyS');
/*!40000 ALTER TABLE `user` ENABLE KEYS */;
UNLOCK TABLES;

--
-- Table structure for table `zone`
--

DROP TABLE IF EXISTS `zone`;
/*!40101 SET @saved_cs_client     = @@character_set_client */;
/*!50503 SET character_set_client = utf8mb4 */;
CREATE TABLE `zone` (
  `id` bigint NOT NULL AUTO_INCREMENT,
  `fk_user_id` bigint DEFAULT NULL,
  `name` varchar(255) DEFAULT NULL,
  PRIMARY KEY (`id`)
) ENGINE=InnoDB AUTO_INCREMENT=74 DEFAULT CHARSET=utf8mb4 COLLATE=utf8mb4_0900_ai_ci;
/*!40101 SET character_set_client = @saved_cs_client */;

--
-- Dumping data for table `zone`
--

LOCK TABLES `zone` WRITE;
/*!40000 ALTER TABLE `zone` DISABLE KEYS */;
INSERT INTO `zone` VALUES (21,1,'z2'),(22,1,'aa'),(23,1,'df'),(24,1,'d\nfff'),(25,4,'hqha'),(45,7,'1683923636204'),(47,7,'1683923778287'),(55,7,'1683929646305'),(61,7,'1683987190631'),(62,7,'1683987376718'),(63,7,'1683987936369'),(64,7,'1683988023919'),(65,7,'sbbe'),(73,71,'test_zone');
/*!40000 ALTER TABLE `zone` ENABLE KEYS */;
UNLOCK TABLES;

--
-- Table structure for table `zone_point`
--

DROP TABLE IF EXISTS `zone_point`;
/*!40101 SET @saved_cs_client     = @@character_set_client */;
/*!50503 SET character_set_client = utf8mb4 */;
CREATE TABLE `zone_point` (
  `id` bigint NOT NULL AUTO_INCREMENT,
  `fk_zone_id` bigint DEFAULT NULL,
  `latitude` double NOT NULL,
  `list_index` int NOT NULL,
  `longitude` double NOT NULL,
  PRIMARY KEY (`id`)
) ENGINE=InnoDB AUTO_INCREMENT=361 DEFAULT CHARSET=utf8mb4 COLLATE=utf8mb4_0900_ai_ci;
/*!40101 SET character_set_client = @saved_cs_client */;

--
-- Dumping data for table `zone_point`
--

LOCK TABLES `zone_point` WRITE;
/*!40000 ALTER TABLE `zone_point` DISABLE KEYS */;
INSERT INTO `zone_point` VALUES (23,NULL,23.851932815037745,0,-23.532714173197746),(24,NULL,24.353353791363517,1,18.11097800731659),(25,NULL,-26.339793598328008,2,19.874283336102962),(26,NULL,-12.533563412445083,3,-20.203853398561478),(101,21,8.066036176788977,0,-10.20080130547285),(102,21,36.88512413539321,1,10.365607626736164),(103,21,9.766355010258884,2,20.50050538033247),(104,21,-29.605714856737226,3,-5.026236400008202),(105,22,26.568470523152502,0,-17.006832249462605),(106,22,27.611759281866984,1,13.974619098007679),(107,22,-5.120575518835255,2,21.390398629009724),(108,22,-14.916930136385734,3,-15.803827978670595),(109,23,33.687409606292015,0,-9.40978366881609),(110,23,31.62182251610059,1,25.34548044204712),(111,23,-5.15705520577449,2,15.029312632977962),(112,23,-9.117010425421606,3,-20.484005101025105),(113,24,-1.391916470286035,0,-13.117671757936478),(114,24,1.2079576623440003,1,16.36415082961321),(115,24,-26.142714250852507,2,19.000871255993843),(116,24,-31.529005547396814,3,-11.766353398561478),(117,25,-18.80623079263095,0,-14.848020784556867),(118,25,21.759078423401025,1,7.893682792782783),(119,25,-5.375852078387652,2,28.245868384838104),(120,25,-35.94281767044278,3,4.284675344824791),(124,27,47.358701550507,0,-21.24999538064003),(125,27,42.954664834218214,1,-14.999993406236172),(126,27,47.358701550507,2,-8.749990426003933),(127,28,47.358701550507,0,-21.24999538064003),(128,28,42.954664834218214,1,-14.999993406236172),(129,28,47.358701550507,2,-8.749990426003933),(130,29,47.358701550507,0,-21.24999538064003),(131,29,42.954664834218214,1,-14.999993406236172),(132,29,47.358701550507,2,-8.749990426003933),(133,30,47.358701550507,0,-21.24999538064003),(134,30,42.954664834218214,1,-14.999993406236172),(135,30,47.358701550507,2,-8.749990426003933),(136,31,47.358701550507,0,-21.24999538064003),(137,31,3.903262717644656,1,28.750024102628227),(138,31,47.358701550507,2,-2.499987781047821),(139,32,47.358701550507,0,-21.24999538064003),(140,32,3.903262717644656,1,28.750024102628227),(141,32,47.358701550507,2,-2.499987781047821),(146,33,47.358701550507,0,-21.24999538064003),(147,33,3.903262717644656,1,28.750024102628227),(148,33,47.358701550507,2,-2.499987781047821),(149,34,47.358701550507,0,-21.24999538064003),(150,34,3.903262717644656,1,28.750024102628227),(151,34,47.358701550507,2,-2.499987781047821),(152,35,47.358701550507,0,-21.24999538064003),(153,35,3.903262717644656,1,28.750024102628227),(154,35,47.358701550507,2,-2.499987781047821),(155,36,47.358701550507,0,-21.24999538064003),(156,36,3.903262717644656,1,28.750024102628227),(157,36,47.358701550507,2,-2.499987781047821),(161,38,47.358701550507,0,-21.24999538064003),(162,38,3.903262717644656,1,28.750024102628227),(163,38,47.358701550507,2,-2.499987781047821),(164,37,47.358701550507,0,-21.24999538064003),(165,37,3.903262717644656,1,28.750024102628227),(166,37,47.358701550507,2,-2.499987781047821),(205,45,47.358701550507,0,-21.24999538064003),(206,45,3.903262717644656,1,28.750024102628227),(207,45,47.358701550507,2,-2.499987781047821),(217,47,47.358701550507,0,-21.24999538064003),(218,47,3.903262717644656,1,28.750024102628227),(219,47,47.358701550507,2,-2.499987781047821),(262,55,47.358701550507,0,-21.24999538064003),(263,55,3.903262717644656,1,28.750024102628227),(264,55,47.358701550507,2,-2.499987781047821),(292,61,38.211357334057794,0,-8.749990426003933),(293,61,3.903262717644656,1,28.750024102628227),(294,61,47.358701550507,2,-2.499987781047821),(295,62,38.211357334057794,0,-8.749990426003933),(296,62,3.903262717644656,1,28.750024102628227),(297,62,47.358701550507,2,-2.499987781047821),(298,63,38.211357334057794,0,-8.749990426003933),(299,63,3.903262717644656,1,28.750024102628227),(300,63,47.358701550507,2,-2.499987781047821),(301,64,38.211357334057794,0,-8.749990426003933),(302,64,3.903262717644656,1,28.750024102628227),(303,64,47.358701550507,2,-2.499987781047821),(304,65,21.861076482424977,0,13.677988909184933),(305,65,-14.137019443566013,1,22.24733255803585),(306,65,-32.460737954335755,2,-3.065176159143448),(307,65,1.3910158489887774,3,-10.36559522151947),(357,73,29.387955650977315,0,-4.762314409017563),(358,73,27.575115892599147,1,27.39674974232912),(359,73,-2.0189434695841744,2,29.802755601704124),(360,73,-1.2502125105827095,3,-6.419181302189827);
/*!40000 ALTER TABLE `zone_point` ENABLE KEYS */;
UNLOCK TABLES;
/*!40103 SET TIME_ZONE=@OLD_TIME_ZONE */;

/*!40101 SET SQL_MODE=@OLD_SQL_MODE */;
/*!40014 SET FOREIGN_KEY_CHECKS=@OLD_FOREIGN_KEY_CHECKS */;
/*!40014 SET UNIQUE_CHECKS=@OLD_UNIQUE_CHECKS */;
/*!40101 SET CHARACTER_SET_CLIENT=@OLD_CHARACTER_SET_CLIENT */;
/*!40101 SET CHARACTER_SET_RESULTS=@OLD_CHARACTER_SET_RESULTS */;
/*!40101 SET COLLATION_CONNECTION=@OLD_COLLATION_CONNECTION */;
/*!40111 SET SQL_NOTES=@OLD_SQL_NOTES */;

-- Dump completed on 2023-05-26  2:22:09
